id,confidence,correct
cms--entretien-du-cuir.md,0.5666,true
cms--entretien-du-bois.md,0.4865,true
product--chaise-legere-monobloc-haley.md,0.3051,true
cms--a-propos.md,0.2854,true
product--chaise-pamela-laine-brun-clair.md,0.2812,true
cms--conditions-generales-de-vente.md,0.2524,true
product--chaise-cuisine-coloree-courtney.md,0.2441,true
product--fauteuil-pivotant-zoe.md,0.2382,true
product--chaise-repas-mate-barbara.md,0.2282,true
product--tabouret-empilable-travis.md,0.223,true
product--fauteuil-pivotant-edgar-inox.md,0.222,true
product--chaise-lexie-dossier-haut-beige.md,0.213,true
product--fauteuil-cuir-jaune-leela.md,0.212,false
product--fauteuil-retro-owen.md,0.2028,false
cms--garantie.md,0.1856,true
product--banquette-scarlett-intemporelle.md,0.178,false
product--tabouret-bar-reglable-nibbler.md,0.1779,true
product--canape-capitonne-chrome-kyle.md,0.1745,false
product--chaise-violet-cuir-noyer.md,0.1724,true
product--fauteuil-oliver-coque-lecture.md,0.1702,false
product--fauteuil-victoria-esprit-regence.md,0.1591,true
product--canape-velours-heathcliff.md,0.1478,true
product--canape-flynn-retro-laine.md,0.1461,false
product--chaise-sally-cuir-quatre-couleurs.md,0.1329,true
product--chaise-campagne-bois-marie-claire.md,0.128,false
product--tabouret-bar-glossy-ron.md,0.1223,true
product--fauteuil-stacy-style-regence.md,0.1121,true
cms--nouveaute-scarlett.md,0.1104,true
product--chaise-empilable-plastique-tina.md,0.1093,true
product--chaise-confort-bois-tissu-kenny.md,0.1029,true
product--fauteuil-cuir-wilson.md,0.0974,false
product--fauteuil-emily-bois-sculpte-rouge.md,0.0871,true
product--chaise-design-bois-blanc-stuart.md,0.0658,true
product--canape-vintage-sigmund.md,0.0561,true
cms--livraison.md,0.0,true
cms--mentions-legales.md,0.0,true
cms--nettoyage-du-tissu.md,0.0,true
cms--nouveaux-horaires-d-ouverture.md,0.0,true
cms--obtenez-votre-bon-de-reduction.md,0.0,true
product--canape-lounge-nigel.md,0.0,true
product--chaise-horatio-dossier-haut.md,0.0,true
