file	url	type	word_count
product--chaise-horatio-dossier-haut.md	chaise-horatio-dossier-haut.html	product	204
product--tabouret-empilable-travis.md	tabouret-empilable-travis.html	product	189
product--fauteuil-stacy-style-regence.md	fauteuil-stacy-style-regence.html	product	203
product--banquette-scarlett-intemporelle.md	banquette-scarlett-intemporelle.html	product	188
product--fauteuil-retro-owen.md	fauteuil-retro-owen.html	product	199
product--canape-lounge-nigel.md	canape-lounge-nigel.html	product	197
product--canape-velours-heathcliff.md	canape-velours-heathcliff.html	product	209
product--fauteuil-cuir-wilson.md	fauteuil-cuir-wilson.html	product	196
product--fauteuil-pivotant-zoe.md	fauteuil-pivotant-zoe.html	product	195
product--canape-vintage-sigmund.md	canape-vintage-sigmund.html	product	190
product--chaise-empilable-plastique-tina.md	chaise-empilable-plastique-tina.html	product	236
product--fauteuil-victoria-esprit-regence.md	fauteuil-victoria-esprit-regence.html	product	248
product--chaise-violet-cuir-noyer.md	chaise-violet-cuir-noyer.html	product	213
product--chaise-sally-cuir-quatre-couleurs.md	chaise-sally-cuir-quatre-couleurs.html	product	208
product--fauteuil-oliver-coque-lecture.md	fauteuil-oliver-coque-lecture.html	product	204
product--chaise-lexie-dossier-haut-beige.md	chaise-lexie-dossier-haut-beige.html	product	232
product--canape-flynn-retro-laine.md	canape-flynn-retro-laine.html	product	224
product--fauteuil-emily-bois-sculpte-rouge.md	fauteuil-emily-bois-sculpte-rouge.html	product	223
product--fauteuil-pivotant-edgar-inox.md	fauteuil-pivotant-edgar-inox.html	product	219
product--chaise-pamela-laine-brun-clair.md	chaise-pamela-laine-brun-clair.html	product	200
product--chaise-cuisine-coloree-courtney.md	chaise-cuisine-coloree-courtney.html	product	213
product--chaise-repas-mate-barbara.md	chaise-repas-mate-barbara.html	product	196
product--chaise-legere-monobloc-haley.md	chaise-legere-monobloc-haley.html	product	177
product--canape-capitonne-chrome-kyle.md	canape-capitonne-chrome-kyle.html	product	187
product--chaise-confort-bois-tissu-kenny.md	chaise-confort-bois-tissu-kenny.html	product	178
product--chaise-design-bois-blanc-stuart.md	chaise-design-bois-blanc-stuart.html	product	178
product--chaise-campagne-bois-marie-claire.md	chaise-campagne-bois-marie-claire.html	product	173
product--fauteuil-cuir-jaune-leela.md	fauteuil-cuir-jaune-leela.html	product	179
product--tabouret-bar-reglable-nibbler.md	tabouret-bar-reglable-nibbler.html	product	175
product--tabouret-bar-glossy-ron.md	tabouret-bar-glossy-ron.html	product	170
cms--a-propos.md	a-propos.html	cms	44
cms--conditions-generales-de-vente.md	conditions-generales-de-vente.html	cms	49
cms--mentions-legales.md	mentions-legales.html	cms	36
cms--livraison.md	livraison.html	cms	30
cms--garantie.md	garantie.html	cms	33
cms--nouveaux-horaires-d-ouverture.md	nouveaux-horaires-d-ouverture.html	cms	27
cms--nouveaute-scarlett.md	nouveaute-scarlett.html	cms	24
cms--obtenez-votre-bon-de-reduction.md	obtenez-votre-bon-de-reduction.html	cms	25
cms--nettoyage-du-tissu.md	nettoyage-du-tissu.html	cms	27
cms--entretien-du-bois.md	entretien-du-bois.html	cms	31
cms--entretien-du-cuir.md	entretien-du-cuir.html	cms	26
