id,confidence,correct
capacites-api--1-inventaire-de-l-api-c-ur-thelia-3-api-platform.md,0.1313,true
capacites-api--2-authentification-et-permissions.md,0.1326,true
capacites-api--3-ce-que-commerceagents-sait-d-j-faire.md,0.0901,true
capacites-api--4-tableau-de-couverture.md,0.1584,true
capacites-api--5-api-rest-vs-serveur-mcp-recommandation.md,0.1879,true
capacites-api--6-roadmap-propos-e.md,0.0917,true
capacites-api--preamble.md,0.0000,true
capacites-api--r-ponses-rapides-aux-4-questions-du-board.md,0.1359,true
changelog--0-4-2-myo-452-myo-453.md,0.1808,true
changelog--0-4-3-myo-464-myo-465.md,0.1580,true
changelog--0-4-5-myo-484.md,0.1488,true
changelog--0-4-6-myo-479-480-493.md,0.2382,true
changelog--exploitation-sauvegarde-hors-machine-du-d-p-t-module-par-dep.md,0.2978,true
changelog--post-v1-myo-297-myo-348.md,0.1220,true
changelog--post-v1-suite-myo-372-myo-407.md,0.0743,false
changelog--post-v1-suite-myo-416-myo-426.md,0.0995,true
changelog--preamble.md,0.3180,true
changelog--v1-assistants-ia-pour-la-boutique-myo-226-myo-257.md,0.0000,true
checkout-steps--data-model.md,0.2399,true
checkout-steps--preamble.md,0.2342,true
checkout-steps--progression.md,0.1957,true
checkout-steps--where-things-live.md,0.1752,true
cra-incident-response--checklist.md,0.4252,true
cra-incident-response--preamble.md,0.4107,true
cra-incident-response--role-and-obligations.md,0.0564,false
cra-incident-response--timeline-article-14.md,0.1408,true
cra-incident-response--what-triggers-a-notification.md,0.2404,true
cra-incident-response--where-to-notify.md,0.1201,true
cra-incident-response--who-notifies.md,0.3088,true
demo-2026-09-22--1-vue-d-ensemble.md,0.0000,true
demo-2026-09-22--2-relancer-l-environnement-de-z-ro.md,0.0000,true
demo-2026-09-22--3-la-commande-commerce-agents-demo-seed.md,0.0000,true
demo-2026-09-22--4-rep-res-pour-la-d-mo-donn-es-r-elles-de-cet-environnement.md,0.0000,true
demo-2026-09-22--5-gotchas-connus.md,0.1296,true
demo-2026-09-22--preamble.md,0.1523,true
demo-2026-09-22-script--5-phrases-tenir-pr-tes.md,0.0000,true
demo-2026-09-22-script--6-plans-de-repli-crits-et-tester-la-r-p-tition.md,0.2603,true
demo-2026-09-22-script--7-r-p-tition-compl-te-protocole-et-tat-d-avancement.md,0.1858,true
demo-2026-09-22-script--8-r-sultat-de-la-r-p-tition-myo-487-et-go-no-go-final.md,0.0000,true
demo-2026-09-22-script--acte-0-le-d-cor-2-min.md,0.0723,true
demo-2026-09-22-script--acte-1-c-t-client-l-offre-opt-in-4-min.md,0.0000,true
demo-2026-09-22-script--acte-2-le-brief-3-min.md,0.0000,true
demo-2026-09-22-script--acte-3-l-avis-2-toiles-5-min.md,0.0752,true
demo-2026-09-22-script--acte-4-la-rupture-sur-un-produit-en-promo-5-min.md,0.1382,true
demo-2026-09-22-script--acte-5-le-copilote-3-min-saute-en-premier-si-le-temps-manque.md,0.0000,true
demo-2026-09-22-script--cart-volontairement-ne-se-montre-pas-se-raconte-en-cl-ture.md,0.1562,true
demo-2026-09-22-script--correction-de-r-f-rence-num-rotation-des-tickets.md,0.2214,true
demo-2026-09-22-script--minutage-global-22-minutes-5-actes.md,0.1278,false
demo-2026-09-22-script--preamble.md,0.0000,true
demo-2026-09-22-script--qui-manipule.md,0.0000,true
disaster-recovery--1-cloner-le-code-depuis-les-bundles.md,0.2940,true
disaster-recovery--2-artefacts-absents-du-bundle-disposition-par-cat-gorie-myo-.md,0.1530,true
disaster-recovery--3-restaurer-la-donn-e.md,0.1310,true
disaster-recovery--4-d-marrer-et-v-rifier.md,0.2368,true
disaster-recovery--6-copie-hors-machine-du-d-p-t-site-myo-428-433.md,0.0000,true
disaster-recovery--artefacts-n-cessaires.md,0.0000,true
disaster-recovery--contr-le-de-contenu-du-filet-au-lieu-de-lire-ce-document-la-.md,0.0000,true
disaster-recovery--preamble.md,0.0000,true
myo-479-repli-dock-panier--0-recommandation-en-une-phrase.md,0.0000,true
myo-479-repli-dock-panier--1-constat-actuel.md,0.3752,true
myo-479-repli-dock-panier--10-sacrifices-assum-s-r-capitulatif.md,0.3349,true
myo-479-repli-dock-panier--11-rep-res-pour-l-impl-mentation-r-f-rence-pas-une-prescript.md,0.0000,true
myo-479-repli-dock-panier--12-acceptance-criteria-tat-de-couverture.md,0.0000,true
myo-479-repli-dock-panier--2-principe-retenu-et-alternatives-cart-es.md,0.4680,true
myo-479-repli-dock-panier--3-tats-sp-cifi-s-ac1.md,0.1815,true
myo-479-repli-dock-panier--4-micro-interaction-entr-e-sortie-ac2.md,0.5720,true
myo-479-repli-dock-panier--5-non-r-gression-ac3.md,0.2181,true
myo-479-repli-dock-panier--6-accessibilit-ac4.md,0.3656,true
myo-479-repli-dock-panier--7-wording-fr-en-et-cl-s-i18n-ac5.md,0.0000,true
myo-479-repli-dock-panier--8-volet-e-mail-opt-in-newsletter-ac6.md,0.5199,true
myo-479-repli-dock-panier--9-notes-de-faisabilit-non-normatif-le-choix-technique-reste-.md,0.3480,true
readme--architecture.md,0.1135,true
readme--channels.md,0.2808,true
readme--configurable-agents.md,0.0897,true
readme--configuration.md,0.4315,true
readme--development.md,0.0538,true
readme--installation.md,0.0000,true
readme--known-limitations.md,0.0000,true
readme--mcp-server.md,0.1536,true
readme--merchant-assistant-back-office.md,0.1622,true
readme--preamble.md,0.2308,true
readme--production-deployment-prerequisites.md,0.0000,true
readme--requirements.md,0.1539,true
readme--shopping-assistant-front-office.md,0.1106,true
reserved-sales--countdown.md,0.3691,true
reserved-sales--data-model.md,0.0495,true
reserved-sales--preamble.md,0.3332,true
reserved-sales--surfaces.md,0.0000,true
reserved-sales--where-the-reserved-price-lives.md,0.2610,true
